<?xml version="1.0" encoding="utf-8"?>
<cruise xmlns:xsi="http://www.w3.org/2001/XMLSchema-instance" xsi:noNamespaceSchemaLocation="cruise-config.xsd" schemaVersion="87">
  <server artifactsdir="artifacts" agentAutoRegisterKey="cp2017" commandRepositoryLocation="default" serverId="2dcf82af-8031-441f-ac21-63d124296ddf" />
  <pipelines group="golang" />
  <pipelines group="docker">
    <pipeline name="geth" template="DockerBuild">
      <materials>
        <git url="https://35083aa93729aa9f0b3c5c96a22a9ddd533fac7e@github.com/cp2017/docker-geth.git" />
      </materials>
    </pipeline>
    <pipeline name="logstash" template="DockerBuild">
      <materials>
        <git url="https://35083aa93729aa9f0b3c5c96a22a9ddd533fac7e@github.com/cp2017/docker-logstash.git" />
      </materials>
    </pipeline>
    <pipeline name="ethereumjs-testrpc" template="DockerBuild">
      <materials>
        <git url="https://github.com/ethereumjs/testrpc.git" />
      </materials>
    </pipeline>
    <pipeline name="eth-net-intelligence-api" template="DockerBuild">
      <materials>
        <git url="https://github.com/cubedro/eth-net-intelligence-api.git" />
      </materials>
    </pipeline>
  </pipelines>
  <templates>
    <pipeline name="DockerBuild">
      <stage name="DockerBuild">
        <jobs>
          <job name="DockerBuild">
            <tasks>
              <task>
                <pluginConfiguration id="script-executor" version="1" />
                <configuration>
                  <property>
                    <key>script</key>
                    <value>/opt/service-scripts/gocd/tasks/docker/build.sh</value>
                  </property>
                </configuration>
                <runif status="passed" />
              </task>
            </tasks>
          </job>
        </jobs>
      </stage>
    </pipeline>
  </templates>
  <environments>
    <environment name="golang" />
    <environment name="docker">
      <environmentvariables>
        <variable name="DOCKER_TAG">
          <value>latest</value>
        </variable>
        <variable name="DOCKER_REPO">
          <value>cp2017</value>
        </variable>
      </environmentvariables>
      <pipelines>
        <pipeline name="eth-net-intelligence-api" />
        <pipeline name="ethereumjs-testrpc" />
        <pipeline name="geth" />
        <pipeline name="logstash" />
      </pipelines>
    </environment>
  </environments>
</cruise>

