<?xml version="1.0" encoding="utf-8"?>
<cruise xmlns:xsi="http://www.w3.org/2001/XMLSchema-instance" xsi:noNamespaceSchemaLocation="cruise-config.xsd" schemaVersion="87">
  <server artifactsdir="artifacts" agentAutoRegisterKey="cp2017" commandRepositoryLocation="default" serverId="2dcf82af-8031-441f-ac21-63d124296ddf" />
  <pipelines group="golang">
    <pipeline name="go-github">
      <materials>
        <git url="https://github.com/qnib/go-github.git" />
      </materials>
      <stage name="goStage">
        <jobs>
          <job name="goJob">
            <tasks>
              <task>
                <pluginConfiguration id="script-executor" version="1" />
                <configuration>
                  <property>
                    <key>script</key>
                    <value>set -e&#xD;
&#xD;
go get -d</value>
                  </property>
                </configuration>
                <runif status="passed" />
              </task>
              <task>
                <pluginConfiguration id="script-executor" version="1" />
                <configuration>
                  <property>
                    <key>script</key>
                    <value>set -e&#xD;
&#xD;
mkdir -p target&#xD;
go build -o target/${GO_PIPELINE_NAME}</value>
                  </property>
                </configuration>
                <runif status="passed" />
              </task>
            </tasks>
            <artifacts>
              <artifact src="target/" dest="/" />
            </artifacts>
          </job>
        </jobs>
      </stage>
    </pipeline>
  </pipelines>
  <templates>
    <pipeline name="DockerBuild">
      <stage name="DockerBuild">
        <jobs>
          <job name="DockerBuild">
            <tasks>
              <task>
                <pluginConfiguration id="script-executor" version="1" />
                <configuration>
                  <property>
                    <key>script</key>
                    <value>/opt/service-scripts/gocd/tasks/docker/build.sh</value>
                  </property>
                </configuration>
                <runif status="passed" />
              </task>
            </tasks>
          </job>
        </jobs>
      </stage>
    </pipeline>
  </templates>
  <environments>
    <environment name="golang">
      <pipelines>
        <pipeline name="go-github" />
      </pipelines>
    </environment>
  </environments>
</cruise>

